question_id,group_id,shared_material,question,option_A,option_B,option_C,option_D,answer,answer_status,source_name,source_url,year,province,exam_type,duplicate_status,parse_status,review_status,reviewer,notes,review_snapshot_hash
CHIS_000001,GROUP_GAOKAO_2022_001,,"盛唐洋溢着刚健丰伟、庄重博大的时代气象,这在书法艺术上亦有体现。宋代书法家米 芾推崇唐代某位书法家的作品“如项羽挂甲,樊哙排突,硬弩欲张,铁柱将立,昂然有不可 犯之色”。能够突出体现这一风格的书体是()",小篆,楷书,行书,草书,B,verified,OpenLMLab GAOKAO-Bench,https://github.com/OpenLMLab/GAOKAO-Bench,2022,全国,高考真题,unique,valid,pending,,,acb40479f84c777a6a0ec7b324b2ff4f2167fab581060d08e659d72e78217654
CHIS_000002,GROUP_GAOKAO_2022_002,,"宋朝在州府设通判,重要州府设两名,民户少的州可以不置,但若武官任知州,则必置。 通判有自己专属的衙门通判厅,与知州(府)共议政务、同署文书,“有军旅之事,则专任 钱粮之责”。据此可知,设置通判的主要目的是()",规范地方行政,防止武人干政,提升军事能力,削弱州 府权力,A,verified,OpenLMLab GAOKAO-Bench,https://github.com/OpenLMLab/GAOKAO-Bench,2022,全国,高考真题,unique,valid,pending,,,09ea8332f66f9d8a99b10232491a3f7433cc337d39bdd70f523943642fca33c3
CHIS_000003,GROUP_GAOKAO_2022_003,,"明后期有士人称,江南流行“好名喜夸”之风,家中但凡有千金之产,必定会营建一园, “近聚土壤,远延木石,聊以矜眩于一时耳”,但“俗气扑人”。这可用于说明()",士大夫传统观念的颠覆,世俗化审美趣味的初现16,士农工商社会结构解体,江南市镇工商业的繁荣,D,verified,OpenLMLab GAOKAO-Bench,https://github.com/OpenLMLab/GAOKAO-Bench,2022,全国,高考真题,unique,valid,pending,,,e4586f9fe4cd4f524a35eb1563a5bf8bcb6260e10daec5875248a92f928659e8
CHIS_000004,GROUP_GAOKAO_2022_004,,"据某位学者回忆,“‘五四’初期,一般人多以新旧分别事物”,中国古来已有的一概 称为旧,古来未有或来自外国的一概称为新;不久,有了“更高的判别的准绳......对于古今、 中外能够排好恰当的关系”,并不一概否定或肯定。这一转变反映出()",东西方文化论争由此引发,传统儒学思想开始受到批判,全盘西化的思想得以消除,思想解放运动方向发生变化,D,verified,OpenLMLab GAOKAO-Bench,https://github.com/OpenLMLab/GAOKAO-Bench,2022,全国,高考真题,unique,valid,pending,,,e9011f7dbb39c738bb4341fbd141c632117404f3fd467560150186926f664aa6
CHIS_000005,GROUP_GAOKAO_2022_005,,"据学者研究,古代雅典官员在接受任职资格审查时,需要回答:直系亲属姓名及男性亲 属所在村社名称、崇拜的神祗及其圣所所在地、墓葬方位、是否善待双亲、是否纳税、是否 服兵役等。下列属于成为古代雅典官员前提条件的是()",军事才能、宗教信仰,道德品质、演说能力,丰厚财力、贵族血统,本邦籍贯、成年男性,D,verified,OpenLMLab GAOKAO-Bench,https://github.com/OpenLMLab/GAOKAO-Bench,2022,全国,高考真题,unique,valid,pending,,,7ceb11db354f99e9469c7f5eb2fc2d7162985c2be47a3b806fc5aecb1b135b89
CHIS_000006,GROUP_GAOKAO_2022_006,,"16世纪中叶,法国人帕斯基耶写作《法国研究》时说,“我用俗语(而非拉丁语)写 作”;布代的《论钱币》处处流露出捍卫法国文化并与意大利人竞争的意识。有学者因此认 为,16世纪是“法国意识”萌发的世纪。据此可知,“法国意识”的萌发缘于()",人文主义思想的广泛传播,新兴阶层摆脱宗教神权束缚,资本主义经济的迅猛发展,“人民主权”学说深入人心,A,verified,OpenLMLab GAOKAO-Bench,https://github.com/OpenLMLab/GAOKAO-Bench,2022,全国,高考真题,unique,valid,pending,,,c813b7b798cedfd7a72cbdc0deae3bd0ef8edcb8b47ada2c1e515e8a60f27175
CHIS_000007,GROUP_GAOKAO_2022_007,,"1879年,德国杜伊斯堡成为世界最大内河港口,输入矿砂和粮食,输出煤和钢铁制品。 1900年,德国船队总吨位由1870年不足百万吨发展至近200万吨,成为蒸汽时代以来第一 个能与大英帝国一争高低的船队。由此可知,这一时期的德国()",已经确立“世界工厂”的地位,航运业的发展助长其海外扩张,海上实力飞跃源于蒸汽机的改进,共和政体确立推动经济飞速发展,B,verified,OpenLMLab GAOKAO-Bench,https://github.com/OpenLMLab/GAOKAO-Bench,2022,全国,高考真题,unique,valid,pending,,,165f68133e6eefbbb2f02b9e5dbc6cc44031c22b22dfceacecfc1ff64bf4d810
CHIS_000008,GROUP_GAOKAO_2022_008,,"汉晋时期有多种文本记载,帝尧之时,“天下太和,百姓无事”。有老者“击壤”而戏, 围观者称颂帝尧。老者歌云:“吾日出而作,日入而息,凿井而饮,耕地而食,帝何德于我 哉!”上述记载所体现的政治理念最接近()",孔子,老子,韩非,墨子,B,verified,OpenLMLab GAOKAO-Bench,https://github.com/OpenLMLab/GAOKAO-Bench,2022,全国,高考真题,unique,valid,pending,,,4f167426fc1d3bf9541b666b4d2764daf50d80ec4edfeeaf4dfce89c8756e233
CHIS_000009,GROUP_GAOKAO_2022_009,,"西晋至唐初,皇子皇弟封王开府,坐镇地方,手握重权。唐玄宗在京城专门修建一座大 宅邸,集中安置诸王,由宦官管理,称为“十王宅”,又仿此建“百孙院”。此后,唐朝沿 用该制度。由此可知,唐后期对皇子皇孙的安置()",削弱了藩镇势力,强化了分封体制,凸显了专制集权,动摇了 宗法制度,C,verified,OpenLMLab GAOKAO-Bench,https://github.com/OpenLMLab/GAOKAO-Bench,2022,全国,高考真题,unique,valid,pending,,,552dd464d6329caf31bb4036aebf8ae1d0b6309b2a35eea6e173b9f50d5c08af
CHIS_000010,GROUP_GAOKAO_2022_010,,"康熙年间,多次令各地举荐山林隐逸,又令官员推举博学鸿儒,吸收学行兼优之士。开 设明史馆,召集文人编纂明史,还进行多部儒经传注的修纂,编成《康熙字典》。上述措施 的主要目的是()15",承续华夏传统,倡导疑古辨伪,弘扬程朱理学,保存历 史文献,A,verified,OpenLMLab GAOKAO-Bench,https://github.com/OpenLMLab/GAOKAO-Bench,2022,全国,高考真题,unique,valid,pending,,,7f42930b6e91c071b59deb450b6cbc564868de0c78de62905328f32056543c7e
CHIS_000011,GROUP_GAOKAO_2022_011,,"1846年,上海的进口货值较前一年下降13%,1847年又减少5.4%,1848年更大幅度 地下降20.1%。此后虽有回升,但极不稳定,一直到1854年还没有恢复到1845年的水平。 这可用于说明,进口货值的下降()",阻止了自然经济的解体,导致西方商品倾销重心转移,促使传统手工业的恢复,成为列强进一步侵华的借口,D,verified,OpenLMLab GAOKAO-Bench,https://github.com/OpenLMLab/GAOKAO-Bench,2022,全国,高考真题,unique,valid,pending,,,af1d3e2b6ac83682c9274b36b82d991155222c98c815cc3acaf0a16b57d10d72
CHIS_000012,GROUP_GAOKAO_2022_012,,"“百日维新”前,梁启超任教于湖南时务学堂,“所言皆当时一派之民权论”,又窃印 《明夷待访录》《扬州十日记》等禁书,“加以案语,秘密分布,传播革命思想,信奉者日 众”,于是“湖南新旧派大哄”。这反映出,当时()",革命已成为主要思潮,维新派变法策略未能统一,变法思想的根本转变,维新派侧重动员民众变法16,B,verified,OpenLMLab GAOKAO-Bench,https://github.com/OpenLMLab/GAOKAO-Bench,2022,全国,高考真题,unique,valid,pending,,,1126c8e5711cb4f8e0ab8a82a4d1aa83919114d10ee359088c6587e101f2cc5f
CHIS_000013,GROUP_GAOKAO_2022_013,,"梭伦为了鼓动雅典人重开争夺萨拉米斯岛之战,在广场上当众朗诵自己的诗歌,促使雅 典人废除了禁止公民提议争夺萨拉米斯岛的法律。某主战派统帅在战前说服雅典人把金钱用 于建造海军,在战时又说服雅典人留在萨拉米斯。出现这种现象的主要原因是()",领袖人物具有绝对权威,平民与贵族的关系融洽,智者学派雄辩术的普及,公民直接参与城邦事务,D,verified,OpenLMLab GAOKAO-Bench,https://github.com/OpenLMLab/GAOKAO-Bench,2022,全国,高考真题,unique,valid,pending,,,6dd9b0cd6d6a4bdf8f9cb94e86b3539ad3c6135d3b325f29d25c6266818832e4
CHIS_000014,GROUP_GAOKAO_2022_014,,"1951年,美国黑人团体民权大会向联合国发起请愿活动,指控美国政府对黑人犯有种 族灭绝罪行。美国政府指责请愿活动是共产主义的宣传,并寻找支持政府的黑人来驳斥这些19指控。这反映出当时()",美苏两极对峙格局的正式形成,民权大会的指控缺乏事实依据,美国对待种族问题的态度受冷战意识影响,美国政府对国内的种族平等问题漠 不关心,C,verified,OpenLMLab GAOKAO-Bench,https://github.com/OpenLMLab/GAOKAO-Bench,2022,全国,高考真题,unique,valid,pending,,,7050b2b8c0b3b2abd4f6816e60107a7619337336728ee0bcc12ddb5664ac2f17
CHIS_000015,GROUP_GAOKAO_2021_015,,"西周分封制下,周天子与诸侯国君将包括土地及人口的采邑赐给卿、大夫作为世禄。西 周中期以后,贵族所获采邑越来越多,到春秋时期,有的诸侯国一个大夫的采邑就多达数十 个。这说明",土地国有制度废除,分封体制不断强化,诸侯国君权力巩固,社会生产持续发展,D,verified,OpenLMLab GAOKAO-Bench,https://github.com/OpenLMLab/GAOKAO-Bench,2021,全国,高考真题,unique,valid,pending,,,f5d10bc014b618853409b75b5c2cd1ef43dd148b70a3384f91f463f76fbf204d
CHIS_000016,GROUP_GAOKAO_2021_016,,"宋代,官府强调“民生性命在农,国家根本在农,天下事莫重于农”,“毋含本逐末”。 苏辙说:“凡今农工商贾之家,未有不舍其旧而为士者也。”郑至道说,士农工商“皆百 姓之本业,自生民以来未有能易之者也""。从中可以看出宋代",商品经济发展受到阻碍,重农抑商政策瓦解,社会群体间流动性增强,四民社会地位相同,C,verified,OpenLMLab GAOKAO-Bench,https://github.com/OpenLMLab/GAOKAO-Bench,2021,全国,高考真题,unique,valid,pending,,,bef2f07e40369a43e3b04f975054a916bc50f425b3f63d8ea09e7ed4fec57061
CHIS_000017,GROUP_GAOKAOMM_2023_017,,"图 1、图 2 分别为 1955 1956 年拍摄的动画片《神笔》《骄傲的将军》的剧照, 两部影片融入了中国传统戏曲、诗画等元素, 在世界影坛上独树一帜。这体现出新中国艺术创作 ( )",探索民族化道路的取向,以进入世界市场为主要目标,摆脱外来艺术形式影响,服务于对外开放的基本国策,A,verified,OpenMOSS GAOKAO-MM,https://github.com/OpenMOSS/GAOKAO-MM,2023,全国,高考真题,unique,valid,pending,,包含历史图表/漫画/地图原件，答案经官方验证,303f7008e26cac9e824c940ec3891cff931cac923dd90f0664a49bfe5c5bdb2b
CHIS_000018,GROUP_GAOKAOMM_2023_018,,"如图为 1808 年欧洲的一幅时事漫画, 名为 《蛛网里的科西嘉蜘蛛》, 图中心的 “蜘蛛” 代表法国, 左上角的 “苍蝇” 是指英国。该漫画反映的是 ( )",维也纳体系建立,拿破仑战争的局势,拿破仑帝国的覆灭,英国推行绥靖政策,B,verified,OpenMOSS GAOKAO-MM,https://github.com/OpenMOSS/GAOKAO-MM,2023,全国,高考真题,unique,valid,pending,,包含历史图表/漫画/地图原件，答案经官方验证,0666b2db2f2d712e37393e16b86676037411ef0b3c952537b00ab2d1dfd04cfa
CHIS_000019,GROUP_GAOKAOMM_2022_019,,图 3 为 1978 年和 1987 年全国社会商品零售总额中各经济成分所占比重图. 图示占比变化反映出(),经济体制改革目标的实现,民众就业观念的转变,计划管理调控作用的增强,经济结构调整的完成,B,verified,OpenMOSS GAOKAO-MM,https://github.com/OpenMOSS/GAOKAO-MM,2022,全国,高考真题,unique,valid,pending,,包含历史图表/漫画/地图原件，答案经官方验证,62a8c079d3592a4a68f2cae7af2289f2ea82566017bc82667d40ddf17922a967
CHIS_000020,GROUP_GAOKAOMM_2022_020,,"据图 4 可知, 商、西周青铜器铸造的繁荣 ( )",推动了南北农业经济进步,依赖大规模商业活动开展,反映了南北方联系的加强,缘于统治区域扩大到江南,C,verified,OpenMOSS GAOKAO-MM,https://github.com/OpenMOSS/GAOKAO-MM,2022,全国,高考真题,unique,valid,pending,,包含历史图表/漫画/地图原件，答案经官方验证,f9cba1522757e3a7819f063875f023fc4d29f115e9de97a300b57abe37451125
